Event,Sport
Basketball Men's Basketball,Basketball
Judo Men's Extra-Lightweight,Judo
Football Men's Football,Football
Tug-Of-War Men's Tug-Of-War,Tug-Of-War
Speed Skating Women's 500 metres,Speed Skating
"Speed Skating Women's 1,000 metres",Speed Skating
Cross Country Skiing Men's 10 kilometres,Cross Country Skiing
Cross Country Skiing Men's 50 kilometres,Cross Country Skiing
Cross Country Skiing Men's 10/15 kilometres Pursuit,Cross Country Skiing
Cross Country Skiing Men's 4 x 10 kilometres Relay,Cross Country Skiing
Cross Country Skiing Men's 30 kilometres,Cross Country Skiing
Athletics Women's 100 metres,Athletics
Athletics Women's 4 x 100 metres Relay,Athletics
Ice Hockey Men's Ice Hockey,Ice Hockey
Swimming Men's 400 metres Freestyle,Swimming
Badminton Men's Singles,Badminton
Sailing Women's Windsurfer,Sailing
Biathlon Women's 7.5 kilometres Sprint,Biathlon
Swimming Men's 200 metres Breaststroke,Swimming
Swimming Men's 400 metres Breaststroke,Swimming
Gymnastics Men's Individual All-Around,Gymnastics
Gymnastics Men's Team All-Around,Gymnastics
Gymnastics Men's Floor Exercise,Gymnastics
Gymnastics Men's Horse Vault,Gymnastics
Gymnastics Men's Parallel Bars,Gymnastics
Gymnastics Men's Horizontal Bar,Gymnastics
Gymnastics Men's Rings,Gymnastics
Gymnastics Men's Pommelled Horse,Gymnastics
Athletics Men's Shot Put,Athletics
"Art Competitions Mixed Sculpturing, Unknown Event",Art Competitions
Alpine Skiing Men's Downhill,Alpine Skiing
Alpine Skiing Men's Super G,Alpine Skiing
Alpine Skiing Men's Giant Slalom,Alpine Skiing
Alpine Skiing Men's Slalom,Alpine Skiing
Alpine Skiing Men's Combined,Alpine Skiing
Handball Women's Handball,Handball
Weightlifting Women's Super-Heavyweight,Weightlifting
"Wrestling Men's Light-Heavyweight, Greco-Roman",Wrestling
Speed Skating Men's 500 metres,Speed Skating
"Speed Skating Men's 1,500 metres",Speed Skating
"Gymnastics Men's Team All-Around, Free System",Gymnastics
Luge Women's Singles,Luge
Water Polo Men's Water Polo,Water Polo
Sailing Mixed Three Person Keelboat,Sailing
Hockey Women's Hockey,Hockey
Rowing Men's Lightweight Double Sculls,Rowing
Athletics Men's Pole Vault,Athletics
Athletics Men's High Jump,Athletics
Sailing Men's Two Person Dinghy,Sailing
"Athletics Men's 1,500 metres",Athletics
Bobsleigh Men's Four,Bobsleigh
Swimming Men's 100 metres Butterfly,Swimming
Swimming Men's 200 metres Butterfly,Swimming
Swimming Men's 4 x 100 metres Medley Relay,Swimming
Football Women's Football,Football
"Fencing Men's Foil, Individual",Fencing
"Fencing Men's epee, Individual",Fencing
"Fencing Men's epee, Team",Fencing
"Speed Skating Men's 5,000 metres",Speed Skating
"Speed Skating Men's 10,000 metres",Speed Skating
Sailing Mixed 8 metres,Sailing
"Equestrianism Mixed Jumping, Individual",Equestrianism
Cross Country Skiing Men's 15 kilometres,Cross Country Skiing
"Shooting Men's Small-Bore Rifle, Prone, 50 metres",Shooting
"Shooting Men's Rapid-Fire Pistol, 25 metres",Shooting
Shooting Men's Trap,Shooting
Athletics Men's 4 x 100 metres Relay,Athletics
Athletics Men's Long Jump,Athletics
Boxing Men's Light-Welterweight,Boxing
Athletics Women's Javelin Throw,Athletics
"Wrestling Men's Heavyweight, Freestyle",Wrestling
Taekwondo Men's Flyweight,Taekwondo
Boxing Men's Heavyweight,Boxing
"Athletics Men's 5,000 metres",Athletics
"Cycling Men's Road Race, Individual",Cycling
"Cycling Men's Road Race, Team",Cycling
Weightlifting Men's Lightweight,Weightlifting
Weightlifting Men's Middleweight,Weightlifting
Rowing Men's Coxless Pairs,Rowing
Judo Men's Half-Middleweight,Judo
Taekwondo Women's Flyweight,Taekwondo
Boxing Men's Flyweight,Boxing
Basketball Women's Basketball,Basketball
Diving Men's Platform,Diving
"Canoeing Men's Canadian Doubles, 500 metres",Canoeing
"Canoeing Men's Canadian Doubles, 1,000 metres",Canoeing
"Canoeing Men's Kayak Fours, 1,000 metres",Canoeing
Handball Men's Handball,Handball
Rowing Women's Coxless Pairs,Rowing
Boxing Men's Middleweight,Boxing
Judo Men's Lightweight,Judo
Boxing Men's Featherweight,Boxing
Tennis Men's Doubles,Tennis
Shooting Mixed Skeet,Shooting
"Wrestling Men's Featherweight, Freestyle",Wrestling
Sailing Mixed Two Person Heavyweight Dinghy,Sailing
Athletics Women's Shot Put,Athletics
Rowing Men's Coxed Eights,Rowing
Cycling Women's Sprint,Cycling
Cycling Women's 500 metres Time Trial,Cycling
Athletics Men's 110 metres Hurdles,Athletics
Shooting Mixed Trap,Shooting
Athletics Women's Marathon,Athletics
Athletics Men's 100 metres,Athletics
"Fencing Men's Foil, Team",Fencing
"Fencing Men's Sabre, Team",Fencing
Swimming Men's 100 metres Freestyle,Swimming
Swimming Men's 4 x 200 metres Freestyle Relay,Swimming
Boxing Men's Lightweight,Boxing
Modern Pentathlon Men's Individual,Modern Pentathlon
Boxing Men's Welterweight,Boxing
Rowing Men's Quadruple Sculls,Rowing
Rowing Men's Double Sculls,Rowing
Rowing Men's Coxed Pairs,Rowing
Athletics Men's 400 metres Hurdles,Athletics
Athletics Men's 400 metres,Athletics
Athletics Men's Hammer Throw,Athletics
Weightlifting Men's Featherweight,Weightlifting
Athletics Men's 800 metres,Athletics
Hockey Men's Hockey,Hockey
Alpine Skiing Women's Slalom,Alpine Skiing
Rowing Women's Single Sculls,Rowing
Swimming Men's 50 metres Freestyle,Swimming
Weightlifting Women's Featherweight,Weightlifting
Water Polo Women's Water Polo,Water Polo
Figure Skating Men's Singles,Figure Skating
Weightlifting Men's Heavyweight,Weightlifting
"Equestrianism Mixed Three-Day Event, Individual",Equestrianism
"Equestrianism Mixed Three-Day Event, Team",Equestrianism
Figure Skating Mixed Team,Figure Skating
Sailing Women's Three Person Keelboat,Sailing
"Cycling Women's Road Race, Individual",Cycling
Golf Women's Individual,Golf
Softball Women's Softball,Softball
Archery Women's Individual,Archery
"Wrestling Men's Heavyweight, Greco-Roman",Wrestling
Volleyball Men's Volleyball,Volleyball
Taekwondo Women's Heavyweight,Taekwondo
Synchronized Swimming Women's Duet,Synchronized Swimming
Synchronized Swimming Women's Team,Synchronized Swimming
Taekwondo Women's Featherweight,Taekwondo
Athletics Men's Marathon,Athletics
Athletics Men's 4 x 400 metres Relay,Athletics
"Athletics Men's 10,000 metres",Athletics
"Athletics Women's 3,000 metres",Athletics
Diving Women's Platform,Diving
"Shooting Men's Air Rifle, 10 metres",Shooting
Athletics Men's 200 metres,Athletics
Weightlifting Men's Flyweight,Weightlifting
Swimming Men's 100 metres Backstroke,Swimming
Weightlifting Men's Light-Heavyweight,Weightlifting
"Wrestling Men's Lightweight, Greco-Roman",Wrestling
"Fencing Men's Sabre, Individual",Fencing
"Wrestling Men's Super-Heavyweight, Greco-Roman",Wrestling
"Shooting Men's Free Pistol, 50 metres",Shooting
"Shooting Men's Air Pistol, 10 metres",Shooting
Rowing Men's Coxless Fours,Rowing
Boxing Men's Light-Flyweight,Boxing
Boxing Men's Super-Heavyweight,Boxing
"Wrestling Men's Flyweight, Greco-Roman",Wrestling
"Shooting Women's Air Rifle, 10 metres",Shooting
Weightlifting Men's Middle-Heavyweight,Weightlifting
Athletics Men's Javelin Throw,Athletics
Volleyball Women's Volleyball,Volleyball
"Wrestling Men's Welterweight, Greco-Roman",Wrestling
"Wrestling Men's Middleweight, Greco-Roman",Wrestling
"Athletics Men's 3,000 metres Steeplechase",Athletics
"Wrestling Men's Middleweight, Freestyle",Wrestling
Swimming Women's 100 metres Backstroke,Swimming
Swimming Women's 200 metres Backstroke,Swimming
Swimming Women's 4 x 100 metres Medley Relay,Swimming
"Wrestling Men's Light-Heavyweight, Freestyle",Wrestling
Modern Pentathlon Men's Team,Modern Pentathlon
Boxing Men's Bantamweight,Boxing
Athletics Women's 200 metres,Athletics
Table Tennis Women's Singles,Table Tennis
Table Tennis Women's Doubles,Table Tennis
Shooting Men's Skeet,Shooting
Swimming Women's 50 metres Freestyle,Swimming
"Shooting Men's Small-Bore Rifle, Three Positions, 50 metres",Shooting
Athletics Men's Triple Jump,Athletics
Weightlifting Women's Lightweight,Weightlifting
Athletics Women's Long Jump,Athletics
"Fencing Women's epee, Individual",Fencing
Swimming Men's 200 metres Freestyle,Swimming
Swimming Men's 4 x 100 metres Freestyle Relay,Swimming
Swimming Men's 200 metres Backstroke,Swimming
Swimming Men's 200 metres Individual Medley,Swimming
Swimming Men's 400 metres Individual Medley,Swimming
Badminton Women's Singles,Badminton
Boxing Men's Light-Middleweight,Boxing
Tennis Men's Singles,Tennis
"Wrestling Men's Bantamweight, Freestyle",Wrestling
"Wrestling Men's Flyweight, Freestyle",Wrestling
"Athletics Women's 5,000 metres",Athletics
Weightlifting Women's Light-Heavyweight,Weightlifting
Weightlifting Women's Heavyweight,Weightlifting
Athletics Men's Discus Throw,Athletics
Taekwondo Men's Featherweight,Taekwondo
Taekwondo Men's Welterweight,Taekwondo
Judo Men's Heavyweight,Judo
Cycling Men's Sprint,Cycling
Bobsleigh Men's Two,Bobsleigh
"Wrestling Men's Lightweight, Freestyle",Wrestling
Nordic Combined Men's Team,Nordic Combined
Nordic Combined Men's Individual,Nordic Combined
Baseball Men's Baseball,Baseball
Rowing Men's Coxed Fours,Rowing
Cycling Men's 100 kilometres Team Time Trial,Cycling
Rhythmic Gymnastics Women's Group,Rhythmic Gymnastics
"Art Competitions Mixed Architecture, Designs For Town Planning",Art Competitions
"Art Competitions Mixed Architecture, Architectural Designs",Art Competitions
Gymnastics Women's Individual All-Around,Gymnastics
Gymnastics Women's Team All-Around,Gymnastics
Gymnastics Women's Floor Exercise,Gymnastics
Gymnastics Women's Horse Vault,Gymnastics
Gymnastics Women's Uneven Bars,Gymnastics
Gymnastics Women's Balance Beam,Gymnastics
Diving Women's Springboard,Diving
Diving Women's Synchronized Springboard,Diving
"Athletics Women's 10,000 metres",Athletics
Sailing Mixed 7 metres,Sailing
Judo Women's Half-Middleweight,Judo
Athletics Men's Decathlon,Athletics
Biathlon Men's 10 kilometres Sprint,Biathlon
Biathlon Men's 20 kilometres,Biathlon
Biathlon Men's 4 x 7.5 kilometres Relay,Biathlon
Freestyle Skiing Men's Moguls,Freestyle Skiing
"Wrestling Men's Middleweight A, Greco-Roman",Wrestling
Athletics Women's Discus Throw,Athletics
Swimming Women's 4 x 100 metres Freestyle Relay,Swimming
"Athletics Women's 1,500 metres",Athletics
"Shooting Women's Air Pistol, 10 metres",Shooting
"Shooting Women's Sporting Pistol, 25 metres",Shooting
"Canoeing Men's Kayak Doubles, 500 metres",Canoeing
"Canoeing Men's Kayak Singles, 500 metres",Canoeing
"Canoeing Men's Kayak Singles, 1,000 metres",Canoeing
"Shooting Men's Running Target, 50 metres",Shooting
Judo Women's Half-Heavyweight,Judo
Athletics Women's Pole Vault,Athletics
Rugby Sevens Women's Rugby Sevens,Rugby Sevens
Table Tennis Men's Team,Table Tennis
Figure Skating Mixed Pairs,Figure Skating
Freestyle Skiing Men's Aerials,Freestyle Skiing
Rowing Women's Coxed Eights,Rowing
Athletics Women's 4 x 400 metres Relay,Athletics
Alpine Skiing Women's Giant Slalom,Alpine Skiing
Alpine Skiing Women's Super G,Alpine Skiing
Cross Country Skiing Women's 5 kilometres,Cross Country Skiing
Cross Country Skiing Women's 10 kilometres,Cross Country Skiing
Cross Country Skiing Women's 20 kilometres,Cross Country Skiing
"Cycling Men's 1,000 metres Time Trial",Cycling
"Cycling Men's Individual Pursuit, 4,000 metres",Cycling
"Wrestling Men's Welterweight, Freestyle",Wrestling
"Wrestling Men's Bantamweight, Greco-Roman",Wrestling
Rowing Women's Lightweight Double Sculls,Rowing
Athletics Women's 800 metres,Athletics
Rowing Women's Coxed Quadruple Sculls,Rowing
Biathlon Men's 12.5 kilometres Pursuit,Biathlon
Biathlon Mixed 2 x 6 kilometres and 2 x 7.5 kilometres Relay,Biathlon
Rhythmic Gymnastics Women's Individual,Rhythmic Gymnastics
"Canoeing Men's Kayak Singles, Slalom",Canoeing
Archery Men's Individual,Archery
Archery Men's Team,Archery
"Speed Skating Women's 1,500 metres",Speed Skating
Speed Skating Women's Team Pursuit (6 laps),Speed Skating
Cross Country Skiing Men's Sprint,Cross Country Skiing
Athletics Women's 400 metres,Athletics
Figure Skating Women's Singles,Figure Skating
"Speed Skating Men's 1,000 metres",Speed Skating
Trampolining Men's Individual,Trampolining
Beach Volleyball Men's Beach Volleyball,Beach Volleyball
"Cycling Women's Mountainbike, Cross-Country",Cycling
"Athletics Men's Javelin Throw, Both Hands",Athletics
Triathlon Women's Olympic Distance,Triathlon
Gymnastics Women's Team Portable Apparatus,Gymnastics
"Cycling Men's Mountainbike, Cross-Country",Cycling
Athletics Women's 400 metres Hurdles,Athletics
Diving Men's Springboard,Diving
"Wrestling Men's Featherweight, Greco-Roman",Wrestling
Table Tennis Men's Singles,Table Tennis
Art Competitions Mixed Painting,Art Competitions
Cross Country Skiing Women's 3 x 5 kilometres Relay,Cross Country Skiing
Judo Men's Open Class,Judo
Rowing Women's Quadruple Sculls,Rowing
"Gymnastics Men's Team All-Around, Swedish System",Gymnastics
Nordic Combined Men's Sprint,Nordic Combined
Athletics Women's Pentathlon,Athletics
"Art Competitions Mixed Painting, Unknown Event",Art Competitions
"Cycling Men's Team Pursuit, 4,000 metres",Cycling
Weightlifting Women's Middleweight,Weightlifting
"Swimming Men's 1,500 metres Freestyle",Swimming
"Wrestling Women's Light-Heavyweight, Freestyle",Wrestling
Swimming Women's 100 metres Freestyle,Swimming
"Equestrianism Men's Jumping, Individual",Equestrianism
"Equestrianism Men's Jumping, Team",Equestrianism
"Equestrianism Men's Three-Day Event, Individual",Equestrianism
"Equestrianism Men's Three-Day Event, Team",Equestrianism
Alpine Skiing Women's Combined,Alpine Skiing
Athletics Women's High Jump,Athletics
"Ski Jumping Men's Normal Hill, Individual",Ski Jumping
"Canoeing Women's Kayak Fours, 500 metres",Canoeing
Ice Hockey Women's Ice Hockey,Ice Hockey
Sailing Men's One Person Dinghy,Sailing
Trampolining Women's Individual,Trampolining
Curling Men's Curling,Curling
Art Competitions Mixed Literature,Art Competitions
Judo Men's Middleweight,Judo
Biathlon Women's 15 kilometres,Biathlon
Biathlon Women's 3 x 7.5 kilometres Relay,Biathlon
Biathlon Women's 4 x 7.5 kilometres Relay,Biathlon
Judo Men's Half-Lightweight,Judo
"Fencing Women's Foil, Team",Fencing
Swimming Women's 200 metres Butterfly,Swimming
Swimming Women's 400 metres Individual Medley,Swimming
Golf Men's Individual,Golf
Athletics Men's Standing High Jump,Athletics
Athletics Men's Standing Long Jump,Athletics
Athletics Men's 20 kilometres Walk,Athletics
Swimming Men's 220 yard Freestyle,Swimming
Swimming Men's 880 yard Freestyle,Swimming
Swimming Men's One Mile Freestyle,Swimming
Swimming Men's 4 x 50 Yard Freestyle Relay,Swimming
Swimming Men's Plunge For Distance,Swimming
"Shooting Men's Free Rifle, Three Positions, 300 metres",Shooting
"Shooting Men's Military Rifle, Three Positions, 300 metres",Shooting
"Shooting Men's Military Rifle, Any Position, 600 metres",Shooting
"Shooting Men's Military Rifle, 200, 400, 500 and 600 metres, Team",Shooting
"Shooting Men's Military Rifle, Prone, 300 metres",Shooting
Judo Men's Half-Heavyweight,Judo
Archery Women's Team,Archery
Athletics Men's 50 kilometres Walk,Athletics
Rowing Women's Double Sculls,Rowing
Sailing Mixed 6 metres,Sailing
Boxing Men's Light-Heavyweight,Boxing
Boxing Women's Flyweight,Boxing
Athletics Women's 100 metres Hurdles,Athletics
"Athletics Men's Discus Throw, Greek Style",Athletics
Curling Women's Curling,Curling
Sailing Mixed One Person Dinghy,Sailing
"Wrestling Women's Heavyweight, Freestyle",Wrestling
Badminton Mixed Doubles,Badminton
"Fencing Women's Foil, Individual",Fencing
Sailing Mixed Two Person Keelboat,Sailing
"Shooting Men's Military Rifle, 300 metres and 600 metres, Prone, Team",Shooting
Table Tennis Men's Doubles,Table Tennis
"Wrestling Men's Light-Flyweight, Freestyle",Wrestling
"Wrestling Women's Featherweight, Freestyle",Wrestling
Swimming Women's 200 metres Freestyle,Swimming
Swimming Women's 400 metres Freestyle,Swimming
Swimming Women's 200 metres Individual Medley,Swimming
Sailing Men's Windsurfer,Sailing
Freestyle Skiing Men's Slopestyle,Freestyle Skiing
"Shooting Men's Running Target, Single Shot",Shooting
"Shooting Men's Running Target, Double Shot",Shooting
Rugby Sevens Men's Rugby Sevens,Rugby Sevens
"Wrestling Women's Lightweight, Freestyle",Wrestling
Modern Pentathlon Women's Individual,Modern Pentathlon
"Canoeing Men's Canadian Doubles, Slalom",Canoeing
Judo Women's Half-Lightweight,Judo
Diving Women's Plain High,Diving
"Equestrianism Men's Dressage, Individual",Equestrianism
"Equestrianism Men's Dressage, Team",Equestrianism
"Tennis Women's Singles, Covered Courts",Tennis
Diving Men's Plain High,Diving
"Shooting Mixed Small-Bore Rifle, Three Positions, 50 metres",Shooting
"Shooting Mixed Small-Bore Rifle, Prone, 50 metres",Shooting
Swimming Women's 800 metres Freestyle,Swimming
Sailing Women's Two Person Dinghy,Sailing
Alpine Skiing Women's Downhill,Alpine Skiing
"Shooting Men's Free Pistol, 50 metres, Team",Shooting
"Shooting Men's Free Rifle, Three Positions, 300 metres, Team",Shooting
"Shooting Men's Military Rifle, Prone, 300 metres, Team",Shooting
"Shooting Men's Military Rifle, Prone, 600 metres, Team",Shooting
"Shooting Men's Military Rifle, Standing, 300 metres, Team",Shooting
"Shooting Men's Free Rifle, Prone, 600 metres",Shooting
"Shooting Men's Free Rifle, 400, 600 and 800 metres, Team",Shooting
Rowing Men's Single Sculls,Rowing
"Cycling Men's Tandem Sprint, 2,000 metres",Cycling
Freestyle Skiing Women's Halfpipe,Freestyle Skiing
Athletics Women's Heptathlon,Athletics
Cycling Men's Points Race,Cycling
Synchronized Swimming Women's Solo,Synchronized Swimming
"Equestrianism Mixed Dressage, Individual",Equestrianism
"Equestrianism Mixed Dressage, Team",Equestrianism
Cross Country Skiing Men's 18 kilometres,Cross Country Skiing
Swimming Men's 100 metres Breaststroke,Swimming
Figure Skating Mixed Ice Dancing,Figure Skating
"Shooting Mixed Free Pistol, 50 metres",Shooting
Sailing Women's Skiff,Sailing
"Canoeing Men's Kayak Doubles, 10,000 metres",Canoeing
Triathlon Men's Olympic Distance,Triathlon
Sailing Women's One Person Dinghy,Sailing
Cross Country Skiing Women's 30 kilometres,Cross Country Skiing
Cross Country Skiing Women's 15 km Skiathlon,Cross Country Skiing
Rowing Men's 17-Man Naval Rowing Boats,Rowing
Beach Volleyball Women's Beach Volleyball,Beach Volleyball
Weightlifting Men's Super-Heavyweight,Weightlifting
Rowing Men's Lightweight Coxless Fours,Rowing
"Wrestling Men's Light-Flyweight, Greco-Roman",Wrestling
"Canoeing Men's Canadian Singles, 1,000 metres",Canoeing
Sailing Mixed 5.5 metres,Sailing
"Equestrianism Mixed Jumping, Team",Equestrianism
Diving Men's Synchronized Platform,Diving
Snowboarding Men's Halfpipe,Snowboarding
"Canoeing Women's Kayak Singles, Slalom",Canoeing
Weightlifting Women's Flyweight,Weightlifting
Swimming Women's 100 metres Breaststroke,Swimming
Swimming Women's 200 metres Breaststroke,Swimming
"Wrestling Men's Middleweight B, Greco-Roman",Wrestling
Athletics Men's Stone Throw,Athletics
"Athletics Men's Javelin Throw, Freestyle",Athletics
Athletics Men's Pentathlon (Ancient),Athletics
"Shooting Women's Small-Bore Rifle, Three Positions, 50 metres",Shooting
Swimming Women's 100 metres Butterfly,Swimming
Weightlifting Men's Heavyweight I,Weightlifting
"Athletics Women's 3,000 metres Steeplechase",Athletics
"Athletics Men's Shot Put, Both Hands",Athletics
"Ski Jumping Men's Large Hill, Individual",Ski Jumping
"Ski Jumping Men's Large Hill, Team",Ski Jumping
Shooting Women's Trap,Shooting
Badminton Men's Doubles,Badminton
Swimming Women's 4 x 200 metres Freestyle Relay,Swimming
Athletics Men's 10 kilometres Walk,Athletics
Athletics Women's 20 kilometres Walk,Athletics
Athletics Women's 80 metres Hurdles,Athletics
Sailing Men's One Person Heavyweight Dinghy,Sailing
Freestyle Skiing Women's Aerials,Freestyle Skiing
"Art Competitions Mixed Painting, Paintings",Art Competitions
"Tennis Mixed Doubles, Covered Courts",Tennis
Cycling Men's Madison,Cycling
"Art Competitions Mixed Sculpturing, Statues",Art Competitions
Rugby Men's Rugby,Rugby
Weightlifting Men's Heavyweight II,Weightlifting
"Canoeing Women's Kayak Doubles, 500 metres",Canoeing
"Short Track Speed Skating Men's 5,000 metres Relay",Short Track Speed Skating
Cycling Men's Individual Time Trial,Cycling
Judo Women's Heavyweight,Judo
"Canoeing Men's Kayak Doubles, 1,000 metres",Canoeing
"Gymnastics Men's Individual All-Around, 5 Events",Gymnastics
"Wrestling Men's Super-Heavyweight, Freestyle",Wrestling
Biathlon Women's 10 kilometres Pursuit,Biathlon
Biathlon Women's 12.5 kilometres Mass Start,Biathlon
Biathlon Women's 4 x 6 kilometres Relay,Biathlon
"Fencing Women's Sabre, Team",Fencing
Shooting Men's Double Trap,Shooting
Weightlifting Men's Bantamweight,Weightlifting
Taekwondo Men's Heavyweight,Taekwondo
Sailing Mixed Windsurfer,Sailing
Taekwondo Women's Welterweight,Taekwondo
"Shooting Mixed Free Rifle, Three Positions, 300 metres",Shooting
Skeleton Men's Skeleton,Skeleton
Cycling Men's 50 kilometres,Cycling
"Shooting Mixed Rapid-Fire Pistol, 25 metres",Shooting
Cycling Men's 333 metres Time Trial,Cycling
Cycling Men's 20 kilometres,Cycling
"Canoeing Men's Kayak Singles, 10,000 metres",Canoeing
Sailing Mixed Open,Sailing
Sailing Mixed 1-2 Ton,Sailing
"Canoeing Men's Canadian Singles, Slalom",Canoeing
Luge Men's Singles,Luge
Luge Mixed (Men)'s Doubles,Luge
Sailing Mixed Multihull,Sailing
Badminton Women's Doubles,Badminton
"Speed Skating Women's 3,000 metres",Speed Skating
Cross Country Skiing Women's 5/10 kilometres Pursuit,Cross Country Skiing
Cross Country Skiing Women's 4 x 5 kilometres Relay,Cross Country Skiing
Cross Country Skiing Women's 15 kilometres,Cross Country Skiing
Cross Country Skiing Women's 5/5 kilometres Pursuit,Cross Country Skiing
Diving Women's Synchronized Platform,Diving
Athletics Women's Triple Jump,Athletics
Skeleton Women's Skeleton,Skeleton
Bobsleigh Men's Four/Five,Bobsleigh
"Art Competitions Mixed Painting, Drawings And Water Colors",Art Competitions
"Shooting Men's Dueling Pistol, 30 metres",Shooting
Boxing Women's Lightweight,Boxing
Cycling Women's BMX,Cycling
"Canoeing Men's Kayak Doubles, 200 metres",Canoeing
"Fencing Men's Sabre, Masters, Individual",Fencing
Lacrosse Men's Lacrosse,Lacrosse
"Canoeing Women's Kayak Singles, 500 metres",Canoeing
Athletics Women's 10 kilometres Walk,Athletics
Sailing Mixed 12 metres,Sailing
Judo Women's Extra-Lightweight,Judo
Diving Men's Synchronized Springboard,Diving
"Rowing Men's Coxed Fours, Outriggers",Rowing
Gymnastics Men's Rope Climbing,Gymnastics
Sailing Mixed Two Person Dinghy,Sailing
"Art Competitions Mixed Architecture, Unknown Event",Art Competitions
"Archery Men's Target Archery, 28 metres, Team",Archery
"Archery Men's Target Archery, 33 metres, Team",Archery
"Archery Men's Target Archery, 50 metres, Team",Archery
"Short Track Speed Skating Women's 3,000 metres Relay",Short Track Speed Skating
Freestyle Skiing Women's Moguls,Freestyle Skiing
Short Track Speed Skating Men's 500 metres,Short Track Speed Skating
"Shooting Men's Running Target, 10 metres",Shooting
Polo Men's Polo,Polo
"Rowing Men's Coxed Fours, Inriggers",Rowing
Cycling Men's BMX,Cycling
Art Competitions Mixed Sculpturing,Art Competitions
"Athletics Men's Cross-Country, Individual",Athletics
"Athletics Men's Cross-Country, Team",Athletics
Sailing Mixed 40 metres,Sailing
Cross Country Skiing Men's 10/10 kilometres Pursuit,Cross Country Skiing
"Ski Jumping Women's Normal Hill, Individual",Ski Jumping
"Short Track Speed Skating Men's 1,000 metres",Short Track Speed Skating
"Short Track Speed Skating Men's 1,500 metres",Short Track Speed Skating
Gymnastics Men's Club Swinging,Gymnastics
Tennis Women's Singles,Tennis
Tennis Mixed Doubles,Tennis
Tennis Women's Doubles,Tennis
Judo Women's Middleweight,Judo
Judo Women's Lightweight,Judo
Cross Country Skiing Men's Team Sprint,Cross Country Skiing
Snowboarding Women's Halfpipe,Snowboarding
"Canoeing Women's Kayak Singles, 200 metres",Canoeing
Canoeing Men's Kayak Relay 4 x 500 metres,Canoeing
"Athletics Men's 3,000 metres, Team",Athletics
Cross Country Skiing Women's Sprint,Cross Country Skiing
"Shooting Men's Small-Bore Rifle, Prone, 50 and 100 yards",Shooting
"Shooting Men's Small-Bore Rifle, 50 and 100 yards, Team",Shooting
"Shooting Men's Small-Bore Rifle, Disappearing Target, 25 yards",Shooting
"Shooting Men's Small-Bore Rifle, Moving Target, 25 yards",Shooting
"Shooting Men's Military Pistol, Team",Shooting
Rowing Women's Coxed Fours,Rowing
"Weightlifting Men's Unlimited, One Hand",Weightlifting
"Canoeing Men's Canadian Singles, 500 metres",Canoeing
"Fencing Men's Foil, Masters, Individual",Fencing
"Fencing Men's epee, Masters, Individual",Fencing
"Gymnastics Men's Individual All-Around, Field Sports",Gymnastics
"Gymnastics Men's Individual All-Around, Apparatus Work",Gymnastics
"Art Competitions Mixed Music, Compositions For Solo Or Chorus",Art Competitions
"Fencing Women's epee, Team",Fencing
"Swimming Men's 4,000 metres Freestyle",Swimming
Swimming Men's Underwater Swimming,Swimming
Sailing Mixed Skiff,Sailing
"Shooting Men's Military Rifle, 200/500/600/800/900/1,000 Yards, Team",Shooting
"Shooting Men's Running Target, Single And Double Shot",Shooting
"Shooting Men's Small-Bore Rifle, Any Position, 50 metres",Shooting
"Shooting Men's Small-Bore Rifle, Disappearing Target, 25 metres",Shooting
Swimming Women's 10 kilometres Open Water,Swimming
Snowboarding Women's Slopestyle,Snowboarding
Snowboarding Men's Giant Slalom,Snowboarding
Snowboarding Men's Parallel Giant Slalom,Snowboarding
Snowboarding Men's Boardercross,Snowboarding
Snowboarding Men's Parallel Slalom,Snowboarding
"Cycling Men's Team Pursuit, 1,980 yards",Cycling
"Cycling Men's 5,000 metres",Cycling
Cycling Men's 100 kilometres,Cycling
Cricket Men's Cricket,Cricket
"Canoeing Men's Canadian Singles, 10,000 metres",Canoeing
Cross Country Skiing Women's Team Sprint,Cross Country Skiing
Boxing Women's Middleweight,Boxing
Sailing Men's Skiff,Sailing
Athletics Men's Pentathlon,Athletics
"Swimming Men's 1,200 metres Freestyle",Swimming
Shooting Women's Skeet,Shooting
Biathlon Men's 15 kilometres Mass Start,Biathlon
Cross Country Skiing Men's 30 km Skiathlon,Cross Country Skiing
Cycling Men's 1/4 mile,Cycling
Cycling Men's 1/2 mile,Cycling
Cycling Men's 5 mile,Cycling
Cycling Men's 25 mile,Cycling
"Shooting Men's Small-Bore Rifle, Standing, 50 metres",Shooting
"Shooting Men's Small Bore-Rifle, Standing, 50 metres, Team",Shooting
Speed Skating Men's Team Pursuit (8 laps),Speed Skating
"Shooting Men's Free Rifle, 1,000 Yards",Shooting
Cycling Women's Team Pursuit,Cycling
"Speed Skating Women's 5,000 metres",Speed Skating
"Athletics Men's 3,000 metres Walk",Athletics
Snowboarding Women's Boardercross,Snowboarding
"Shooting Mixed Running Target, 50 metres",Shooting
Luge Mixed Team Relay,Luge
Cycling Women's Individual Time Trial,Cycling
"Fencing Women's Sabre, Individual",Fencing
"Fencing Men's Sabre, Individual, Three Hits",Fencing
Archery Women's Double National Round,Archery
Cycling Men's Omnium,Cycling
Equestrianism Mixed Hacks And Hunter Combined,Equestrianism
Sailing Mixed 10 metres,Sailing
"Shooting Men's Trap, Team",Shooting
"Cycling Women's Individual Pursuit, 3,000 metres",Cycling
Cycling Women's Points Race,Cycling
Sailing Men's Two Person Keelboat,Sailing
Cycling Men's Keirin,Cycling
Cycling Men's Team Sprint,Cycling
Athletics Men's 5 mile,Athletics
"Shooting Men's Running Target, Single Shot, Team",Shooting
Bobsleigh Women's Two,Bobsleigh
Racquets Men's Singles,Racquets
Racquets Men's Doubles,Racquets
"Art Competitions Mixed Literature, Lyric Works",Art Competitions
Motorboating Mixed A-Class (Open),Motorboating
Archery Men's Continental Style,Archery
Military Ski Patrol Men's Military Ski Patrol,Military Ski Patrol
"Art Competitions Mixed Painting, Graphic Arts",Art Competitions
"Wrestling Women's Flyweight, Freestyle",Wrestling
"Art Competitions Mixed Literature, Unknown Event",Art Competitions
Sailing Mixed 0.5-1 Ton,Sailing
"Art Competitions Mixed Painting, Applied Arts",Art Competitions
"Croquet Mixed Singles, One Ball",Croquet
Croquet Mixed Doubles,Croquet
"Shooting Men's Running Target, Double Shot, Team",Shooting
"Shooting Men's Free Pistol, 50 yards",Shooting
"Shooting Men's Free Pistol, 50 yards, Team",Shooting
"Fencing Men's epee, Masters and Amateurs, Individual",Fencing
Swimming Men's 10 kilometres Open Water,Swimming
"Art Competitions Mixed Music, Compositions For Orchestra",Art Competitions
Archery Men's Double York Round,Archery
"Wrestling Women's Middleweight, Freestyle",Wrestling
"Equestrianism Men's Vaulting, Individual",Equestrianism
Swimming Men's 4 x 250 metres Freestyle Relay,Swimming
Freestyle Skiing Women's Slopestyle,Freestyle Skiing
Table Tennis Women's Team,Table Tennis
Athletics Women's Hammer Throw,Athletics
"Canoeing Men's Kayak Singles, 200 metres",Canoeing
Short Track Speed Skating Women's 500 metres,Short Track Speed Skating
Shooting Women's Double Trap,Shooting
Rowing Men's 6-Man Naval Rowing Boats,Rowing
Art Competitions Mixed Music,Art Competitions
"Shooting Men's Free Rifle, Kneeling, 300 metres",Shooting
"Shooting Men's Free Rifle, Prone, 300 metres",Shooting
"Shooting Men's Free Rifle, Standing, 300 metres",Shooting
"Short Track Speed Skating Women's 1,000 metres",Short Track Speed Skating
"Athletics Men's 3,200 metres Steeplechase",Athletics
Rowing Women's Coxless Fours,Rowing
Freestyle Skiing Women's Ski Cross,Freestyle Skiing
Freestyle Skiing Men's Ski Cross,Freestyle Skiing
"Tennis Men's Doubles, Covered Courts",Tennis
"Tennis Men's Singles, Covered Courts",Tennis
Cycling Men's 25 kilometres,Cycling
"Nordic Combined Men's Normal Hill / 10 km, Individual",Nordic Combined
"Nordic Combined Men's Large Hill / 10 km, Individual",Nordic Combined
"Shooting Men's Military Rifle, 200 metres",Shooting
"Short Track Speed Skating Women's 1,500 metres",Short Track Speed Skating
Athletics Men's Standing Triple Jump,Athletics
Rowing Men's Coxed Pairs (1 kilometres),Rowing
"Shooting Men's Military Pistol, 30 metres",Shooting
Cycling Women's Keirin,Cycling
"Archery Men's Au Cordon Dore, 50 metres",Archery
Swimming Women's 300 metres Freestyle,Swimming
Snowboarding Women's Giant Slalom,Snowboarding
"Canoeing Men's Canadian Singles, 200 metres",Canoeing
Sailing Mixed 30 metres,Sailing
"Athletics Men's 4,000 metres Steeplechase",Athletics
"Athletics Men's 5,000 metres, Team",Athletics
Snowboarding Men's Slopestyle,Snowboarding
Rowing Men's Coxed Pairs (1 mile),Rowing
Art Competitions Mixed Unknown Event,Art Competitions
Cycling Women's Omnium,Cycling
Freestyle Skiing Men's Halfpipe,Freestyle Skiing
Swimming Men's 200 metres Obstacle Course,Swimming
Swimming Men's 200 metres Team Swimming,Swimming
Sailing Mixed 12 foot,Sailing
"Art Competitions Mixed Music, Instrumental And Chamber",Art Competitions
"Art Competitions Mixed Music, Vocals",Art Competitions
"Art Competitions Mixed Literature, Dramatic Works",Art Competitions
Jeu De Paume Men's Singles,Jeu De Paume
Sailing Mixed 10-20 Ton,Sailing
Cycling Men's 1/3 mile,Cycling
Cycling Men's 1 mile,Cycling
Cycling Men's 2 mile,Cycling
"Art Competitions Mixed Sculpturing, Medals And Plaques",Art Competitions
"Athletics Men's 1,600 metres Medley Relay",Athletics
"Croquet Mixed Singles, Two Balls",Croquet
"Canoeing Men's Folding Kayak Doubles, 10 kilometres",Canoeing
Athletics Men's 60 metres,Athletics
Snowboarding Women's Parallel Giant Slalom,Snowboarding
Sailing Mixed 2-3 Ton,Sailing
Speed Skating Men's Allround,Speed Skating
"Shooting Men's Military Rifle, Prone, 600 metres",Shooting
"Canoeing Men's Canadian Doubles, 10,000 metres",Canoeing
Snowboarding Women's Parallel Slalom,Snowboarding
"Shooting Men's Dueling Pistol, 30 metres, Team",Shooting
"Gymnastics Men's Parallel Bars, Teams",Gymnastics
"Gymnastics Men's Horizontal Bar, Teams",Gymnastics
"Shooting Men's Small-Bore Rifle, Disappearing Target, 25 metres, Team",Shooting
"Art Competitions Mixed Sculpturing, Medals And Reliefs",Art Competitions
"Athletics Men's 1,500 metres Walk",Athletics
"Athletics Men's 3 mile, Team",Athletics
"Art Competitions Mixed Sculpturing, Medals",Art Competitions
"Shooting Men's Military Rifle, Kneeling Or Standing, 300 metres",Shooting
"Equestrianism Men's Vaulting, Team",Equestrianism
"Shooting Men's Free Rifle, Any Position, 300 metres",Shooting
"Shooting Men's Military Rifle, 1873-1874 Gras Model, Kneeling Or Standing, 200 metres",Shooting
Swimming Men's 100 Yard Backstroke,Swimming
Swimming Men's 440 Yard Breaststroke,Swimming
"Art Competitions Mixed Literature, Epic Works",Art Competitions
Art Competitions Mixed Architecture,Art Competitions
"Athletics Men's 3,500 metres Walk",Athletics
Roque Men's Singles,Roque
Gymnastics Men's Side Horse,Gymnastics
Alpinism Mixed Alpinism,Alpinism
Archery Men's Double American Round,Archery
Archery Men's Team Round,Archery
"Archery Men's Target Archery, 33 metres, Individual",Archery
"Archery Men's Target Archery, 50 metres, Individual",Archery
"Swimming Men's 1,000 metres Freestyle",Swimming
Athletics Men's 10 mile Walk,Athletics
"Athletics Men's Discus Throw, Both Hands",Athletics
Golf Men's Team,Golf
Sailing Mixed 0-0.5 Ton,Sailing
Sailing Mixed 20+ Ton,Sailing
Cycling Women's Team Sprint,Cycling
"Weightlifting Men's Unlimited, Two Hands",Weightlifting
"Shooting Men's Free Pistol, 25 metres",Shooting
"Shooting Men's Military Revolver, 1873-1874 Gras Model, 20 metres",Shooting
"Shooting Men's Military Revolver, 20 metres",Shooting
Shooting Men's Dueling Pistol Au Vise 20 metres,Shooting
"Shooting Men's Dueling Pistol Au Commandement, 25 metres",Shooting
"Shooting Men's Small-Bore Rifle, Prone, 50 metres, Team",Shooting
Sailing Mixed 6.5 metres,Sailing
Athletics Men's 200 metres Hurdles,Athletics
Athletics Men's 56-pound Weight Throw,Athletics
Equestrianism Mixed Four-In-Hand Competition,Equestrianism
"Athletics Men's 2,500 metres Steeplechase",Athletics
"Art Competitions Mixed Music, Unknown Event",Art Competitions
Athletics Men's All-Around Championship,Athletics
"Archery Men's Pole Archery, Small Birds, Individual",Archery
"Archery Men's Pole Archery, Large Birds, Individual",Archery
"Archery Men's Pole Archery, Small Birds, Team",Archery
"Archery Men's Pole Archery, Large Birds, Team",Archery
"Athletics Men's 2,590 metres Steeplechase",Athletics
Archery Women's Double Columbia Round,Archery
"Athletics Men's 4 mile, Team",Athletics
Figure Skating Men's Special Figures,Figure Skating
"Shooting Men's Military Rifle, Standing, 300 metres",Shooting
Swimming Men's 50 yard Freestyle,Swimming
Swimming Men's 100 yard Freestyle,Swimming
Swimming Men's 440 yard Freestyle,Swimming
Basque Pelota Men's Two-Man Teams With Cesta,Basque Pelota
"Shooting Men's Trap, Single Shot, 16 metres",Shooting
"Shooting Men's Trap, Double Shot, 14 metres",Shooting
Equestrianism Mixed Long Jump,Equestrianism
"Canoeing Men's Folding Kayak Singles, 10 kilometres",Canoeing
"Shooting Men's Free Pistol, 30 metres",Shooting
"Shooting Men's Military Pistol, 25 metres",Shooting
Swimming Men's 100 metres Freestyle For Sailors,Swimming
Archery Men's Sur La Perche a La Herse,Archery
Sailing Mixed 3-10 Ton,Sailing
"Gymnastics Men's Individual All-Around, 4 Events",Gymnastics
"Wrestling Men's Unlimited Class, Greco-Roman",Wrestling
Motorboating Mixed B-Class (Under 60 Feet),Motorboating
Motorboating Mixed C-Class,Motorboating
"Cycling Men's 10,000 metres",Cycling
"Art Competitions Mixed Sculpturing, Reliefs",Art Competitions
"Shooting Men's Muzzle-Loading Pistol, 25 metres",Shooting
Equestrianism Mixed High Jump,Equestrianism
Archery Men's Sur La Perche a La Pyramide,Archery
"Fencing Men's Single Sticks, Individual",Fencing
Gymnastics Men's Tumbling,Gymnastics
Shooting Men's Unknown Event,Shooting
Sailing Mixed 18 foot,Sailing
Archery Men's Unknown Event,Archery
"Archery Men's Au Chapelet, 50 metres",Archery
Archery Men's Championnat Du Monde,Archery
Archery Women's Team Round,Archery
"Wrestling Men's All-Around, Greco-Roman",Wrestling
Cycling Men's 12-Hours Race,Cycling
Swimming Men's 500 metres Freestyle,Swimming
Weightlifting Men's All-Around Dumbbell Contest,Weightlifting
"Archery Men's Au Chapelet, 33 metres",Archery
"Archery Men's Au Cordon Dore, 33 metres",Archery
"Archery Men's Target Archery, 28 metres, Individual",Archery
Aeronautics Mixed Aeronautics,Aeronautics
